s5 pm10,m pm10,s1 pm10,s2 pm10,s3 pm10,s4 pm10
0,121,0,0,0,0
0,123.3,0,0,0,0
0,124.6,0,0,0,0
0,125,0,0,0,0
0,125.1,0,0,0,0
0,131.6,0,0,0,0
0,131.4,0,0,0,0
0,126.9,0,0,0,0
0,127.5,0,0,0,0
0,130.9,0,0,0,0
0,133.9,0,0,0,0
0,127.1,0,0,0,0
0,131.6,0,0,0,0
0,130.8,0,0,0,0
0,132.5,0,0,0,0
0,127.5,0,0,0,0
0,120.7,0,0,0,0
0,124.4,0,0,0,0
0,128.5,0,0,0,0
0,124,0,0,0,0
0,118.9,0,0,0,0
0,119.5,0,0,0,0
0,116.2,0,0,0,0
0,118.9,0,0,0,0
0,113.8,0,0,0,0
0,106,0,0,0,0
0,108.2,0,0,0,0
0,113.1,0,0,0,0
0,117.7,0,0,0,0
0,107.5,0,0,0,0
0,111.5,155.3,0,0,0
0,121,174.8,0,0,0
0,116.5,164.6,0,0,0
0,111.9,141.4,0,0,0
0,108.8,131.7,0,0,0
0,114,111.5,0,0,0
0,109.2,114,0,0,0
0,101.2,96.3,0,0,0
0,100.9,91,0,0,0
0,105.6,94.4,0,0,0
0,108.2,97.6,0,0,0
0,105.7,97.3,0,0,0
0,104.9,98.6,0,0,0
0,111.6,98.5,0,0,0
0,115.7,101.5,0,0,0
0,114.2,101.6,0,0,0
0,112,97.6,0,0,0
0,118.3,95.4,0,0,0
0,116.6,97.9,0,0,0
0,111.2,97.5,0,0,0
0,110.4,96.8,0,0,0
0,107.3,103.7,0,0,0
0,105.2,105.9,0,0,0
0,99,111.2,0,0,0
0,101.4,111.2,0,0,0
0,102.6,103.6,0,0,0
0,106.5,104.3,0,0,0
0,107.8,95.8,0,0,0
0,106.5,97.6,0,0,0
0,104.3,89.9,0,0,0
0,104.4,89.4,0,0,0
0,109.1,93.4,0,0,0
0,105.9,91.3,0,0,0
0,105.2,96,0,0,0
0,106.4,97.1,0,0,0
0,110.1,102.7,0,0,0
0,109.8,105.3,0,0,0
0,111.9,102,0,0,0
0,111.5,107.7,0,0,0
0,108.6,104.6,0,0,0
0,108.9,100.4,0,0,0
0,106.8,101.1,0,0,0
0,107.6,95.9,0,0,0
0,101.3,97.3,0,0,0
0,99,87.7,0,0,0
0,104.1,89.3,0,0,0
0,103,91.5,0,0,0
0,105.7,84.4,0,0,0
0,105.8,85.2,0,0,0
95.2,113.8,89,0,0,0
100.3,119.8,93.5,0,0,0
97.5,120.6,89,0,0,0
94.5,121,89.3,0,0,0
92.6,122.5,98.7,0,0,0
98.7,118.8,99.8,0,0,0
96.3,122.4,93.8,0,0,0
93.2,120.9,96.9,0,0,0
90.1,116.2,98.3,0,0,0
95.2,112.3,96.3,0,0,0
96.6,115.6,89.1,0,0,0
95,112.9,87.6,0,0,0
93.3,103.5,86.7,0,0,0
91,103.4,81.4,0,0,0
95.3,112.7,82.9,0,0,0
92.3,115.1,84.6,0,0,0
92.4,109.5,85.9,0,0,0
90.7,112,85.2,0,0,0
90.6,113.5,85.8,0,0,0
92.4,107,87.6,0,0,0
93.2,96.2,85.3,0,0,0
92.8,92.9,79.6,0,0,0
92.2,94.3,82.7,0,0,0
91.2,91,83.7,0,0,0
88,92.6,83.7,0,0,0
92.2,94.2,86.2,0,0,0
92.1,98.2,92.2,0,0,0
90.1,100.5,96.3,0,0,0
90.1,99.9,95.3,0,0,0
94.4,101.3,96,0,0,0
95.9,101.7,103.4,0,0,0
91,105.5,98.7,0,0,0
89.1,106.3,95.8,0,0,0
90.3,107.5,95.1,0,0,0
90.9,107.8,94.1,0,0,0
90.1,105.8,92.9,0,0,0
90.7,107.5,88.1,0,0,0
94.6,106.4,90.7,0,0,0
96.7,101.2,89.2,0,0,0
99.2,97.2,91.3,0,0,0
100.2,103.9,91.1,0,0,0
94.9,104.6,91,0,0,0
96.2,107.7,93.6,0,0,0
92.2,108.3,89.8,0,0,0
87.1,116.2,89.6,0,0,0
84.8,121.9,89.2,0,0,0
85.2,115,87.5,0,0,0
85.1,118.8,86.2,0,0,0
86.6,113.1,87.1,0,0,0
89,108.9,91.2,0,0,0
90.5,103.7,93.2,0,0,0
90.3,102.1,91.1,0,0,0
90.5,102.5,91.3,0,0,0
89.9,95,90.4,0,0,0
87.7,92.9,86,0,0,0
84.5,103.3,83.1,0,0,0
84.2,100.2,80.6,0,0,0
84.8,98.8,78.2,0,0,0
84.3,98.2,77.5,0,0,0
83.9,97.5,82.1,0,0,0
83.9,98.9,84.1,0,0,0
83.9,92.2,84.1,0,0,0
84.4,92.4,81.6,0,0,0
89.9,89.5,87.8,0,0,0
91,86,89.8,0,0,0
94.5,89.2,85.5,0,0,0
95.3,87.6,86.7,0,0,0
94.8,85.5,87.3,0,0,0
94,89.4,90.6,0,0,0
86,88.3,88.5,0,0,0
83,89.2,81.4,0,0,0
81.6,93.5,80.2,0,0,0
81,90.5,80.5,0,0,0
84,87.6,79,0,0,0
81.5,83.8,77.5,0,0,0
83.3,87.3,75,0,0,0
81,91.2,83.6,0,0,0
79,85.9,80.7,0,0,0
73.9,84.2,82.6,0,0,0
68.8,84.5,85.6,0,0,0
69.6,84.9,83.4,0,0,0
70.9,82.5,81.7,0,0,0
74.5,80.3,77.2,0,0,0
73.9,83.9,76.3,0,0,0
77.8,92.4,79.3,0,0,0
79.3,95.4,75.1,0,0,0
79.4,96.6,76,0,0,0
75.2,101,77.5,0,0,0
72.4,106.1,78.6,0,0,0
71.5,103.9,82.7,0,0,0
71.5,104.5,80.7,0,0,0
73.2,99.2,81.3,0,0,0
73.9,104.6,82,0,0,0
80.1,105.7,78.9,0,0,0
82.7,111.3,77.7,0,0,0
82,108.6,74.9,0,0,0
79.8,103.5,72.8,0,0,0
79.4,104.3,69.4,0,0,0
78.8,100.6,73.5,0,0,0
74.1,101.7,75.5,0,0,0
73.5,97.7,76.8,0,0,0
77.3,98.9,79.4,0,0,0
79.6,101.9,78.9,0,0,0
77.2,99.5,80.3,0,0,0
76.1,97.7,78.2,0,0,0
78.4,95.8,80.8,0,0,0
78.2,91.9,79.3,0,0,0
78.8,91.3,75.8,0,0,0
79,85.4,78.7,0,0,0
81.7,84.7,76.2,0,0,0
82.6,85.3,80.3,0,0,0
81.6,87.5,78.5,0,0,0
79.5,88.6,76.9,0,0,0
79.3,92,82.7,0,0,0
78.4,92.9,81.8,0,0,0
75.6,97.3,88.3,0,0,0
77.3,93.8,84.1,0,0,0
79.1,91.3,81.9,0,0,0
79,91.7,82.8,0,0,0
78.5,87,78.6,0,0,0
80.2,92.1,79.9,0,0,0
83.7,84.8,73.3,0,0,0
83.7,87.4,76.6,0,0,0
83.1,87.4,79.6,0,0,0
85.7,85.9,82,0,0,0
84,85.1,78.9,0,0,0
81.1,82.7,77.8,0,0,0
80.2,84.4,81.2,0,0,0
79.3,84.8,80.2,0,0,0
80.1,84.5,80.2,0,0,0
78.6,85,80.7,0,0,0
77.8,90.1,83.2,0,0,0
81.5,92.3,83.1,0,0,0
78.7,98.2,80.7,0,0,0
76.1,96.2,81.3,0,0,0
73.5,98,80.9,0,0,0
72.2,94.8,78.6,0,0,0
72.9,89.9,80.5,0,0,0
69.2,87.8,78.3,0,0,0
71.3,88.1,79.7,0,0,0
70.9,93.2,76.7,0,0,0
70.4,91.6,74.8,0,0,0
70.3,94.2,74.7,0,0,0
68.9,96,74.5,0,0,0
70.2,96.8,75.6,0,0,0
68.3,91.9,74.4,0,0,0
71,90.1,77.1,0,0,0
72.2,86.1,77.6,0,0,0
70.8,91.8,78.1,0,0,0
74.6,93.8,74.8,0,0,0
72.7,93.7,78.6,0,0,0
75,95.6,76.5,0,0,0
72.7,93.1,76.9,0,0,0
71.1,94.7,77.6,0,0,0
73.8,99.2,76.9,0,0,0
70.7,95.4,78.3,0,0,0
73.2,97.5,72.5,0,0,0
72.2,96.4,75.2,0,0,0
73.9,98,71.2,0,0,0
76,96.4,72.6,0,0,0
74.7,87.6,72.4,0,0,0
75.8,88.7,71,0,0,0
77.1,86.9,71.2,0,0,0
76.4,83.3,68.7,0,0,0
73.1,81.7,65.6,0,0,0
69.7,86.2,64.9,0,0,0
68.4,85.6,63.8,0,0,0
67.3,86.2,72.2,0,0,0
65.3,84.4,69.7,0,0,0
63.5,90.9,71,0,0,0
65.2,89.8,74.1,0,0,0
65.6,87.9,71.9,0,0,75.1
66,85.2,70.9,0,0,69.5
66.2,90.1,67.6,0,0,73.9
66.8,88.6,69.2,0,0,83.5
67.6,89,70.2,0,0,84.5
67.3,92.8,74.4,0,0,92.7
70.6,93.8,76.5,0,0,90.4
73.3,94.7,74.4,0,0,94.9
70.8,94.6,73.3,0,0,97.1
71.8,97.3,74.1,0,0,91.6
71.7,98.5,75,0,0,89.8
72,94.6,72,0,0,84.9
71.8,94.2,74.1,0,0,87.3
70.8,93.6,78.3,0,0,88.4
71.4,91.6,76.8,0,0,86.7
70.6,86.6,77.7,0,0,86.6
73.7,89.6,78.4,0,0,82.2
77.5,90.2,78,0,0,81.3
80,88.2,71.1,0,0,83.2
80,85.7,72.2,0,0,80.3
80,85.7,72.2,0,0,80.3
81,87.4,66.8,0,0,79.5
76.4,81.1,65.6,0,0,82.5
74.8,77.7,68.4,0,0,83.8
72,76.8,73.7,0,0,91.6
73.2,81,74.3,0,0,93.9
71.9,78.9,78.3,0,0,94.5
74.7,85,83.2,0,0,91.8
76.1,83.3,85.3,0,0,92
73,84.3,82.5,0,0,91
70.6,87.2,81.2,0,0,82
69.8,86.4,75.7,0,0,82.9
69.8,86.4,75.7,0,0,82.9
70.4,84.2,71.3,0,0,82.9
67.7,82.9,70,0,0,80
70.3,81.5,72,0,0,80.6
71.4,80.7,69.7,0,0,84.3
72.9,81.1,73.6,0,0,83.3
72.7,83.9,76.7,0,0,82.8
72.7,85.1,73.9,0,0,86
76,86.4,70.5,0,0,86.9
73.7,87.3,68.7,0,0,85.1
78.3,88.2,70.4,0,0,83.8
74.1,90.4,71,0,0,81.8
73.6,88.5,69.1,0,0,80.1
72.4,92,68.6,0,0,83.2
71.5,92.3,70.2,0,0,82.4
70.3,92.9,68.7,0,0,82.5
66.2,97.4,63,0,0,79.9
67.1,100.4,62.7,0,0,76.9
70.4,101.5,64.8,0,0,75.1
68.4,105.8,71.5,0,0,71.6
68.6,116.4,72.7,0,0,72.5
68.7,112.1,74,0,0,73.3
69.8,112.6,77,0,0,72.8
69.3,116.8,81.6,0,0,73.5
69.7,118.3,83.6,0,0,74.7
70.9,117.4,80.1,0,0,77.5
70.4,109,83.6,0,0,75.5
72,118.5,81.5,0,0,75.2
71.3,113.9,81.9,0,0,76.2
71.1,109.9,82.6,0,0,80.4
72,111.5,83.4,0,0,79.4
71,117.7,83.5,0,0,76
72.9,121.8,82,0,0,80.3
70.6,120.5,84.8,0,0,82.1
72.8,127.1,85.8,0,0,81
71.8,125.5,81.4,0,0,78.5
70.2,125.4,82.5,0,0,82.8
76.5,126.5,84,0,0,85.4
77.3,126.5,80.5,0,0,85.4
79.1,121.6,78,0,0,87.1
77.3,111,82.6,0,0,86.7
76.5,115,84.4,0,0,85.9
76.7,109.6,80.8,0,0,85.9
70.8,104.2,78.4,0,0,86.8
71.3,104.8,80.9,0,0,81.8
71.1,102.4,81.4,0,0,79.7
72.9,106.2,74.7,0,0,80.3
72.7,101.6,73.4,0,0,82.5
70.1,97.3,71.6,0,0,79.8
68.2,101.4,71.9,0,0,79.9
69.9,97.8,71.6,0,0,78.6
69.9,100.5,74.5,0,0,79
68.1,101.2,75.2,0,0,82.7
69.5,100,73,0,0,81.7
75,100.3,78.4,0,0,81.7
77,100.7,78.7,0,0,80.9
74.9,106.7,78,0,0,85.4
74.4,100.8,77.6,0,0,80.4
75.8,98.6,80.3,0,0,78.1
72.7,97.5,82.5,0,0,78.4
70.3,101.2,81,0,0,80
68.7,98.7,81.1,0,0,78
72.4,92.8,81.6,0,0,76.1
72.8,95.1,80.7,0,0,79.3
73.2,95.1,79.3,0,0,77.2
74.4,92.9,81.1,0,0,80.1
73.4,96.7,82.4,0,0,84.2
75.3,97.2,80.5,0,0,87.8
72.5,100.3,84.5,0,0,88.1
72.3,101.8,82.3,0,0,87.2
71.7,106.1,82.1,0,0,89.4
74.3,109.8,77.9,0,0,85.8
74.7,112.1,77,0,0,85.7
75.4,117.4,81.3,0,0,85.5
75.4,117.1,77.2,0,0,86.8
73.5,117.3,78.5,0,0,86.4
73.1,119.6,78.6,0,0,85.9
71.3,117.5,76.8,0,0,86.6
73.1,120.4,77.3,0,0,84.2
74.2,114.3,75.3,0,0,82.1
72.6,112.2,75.8,0,0,82.8
75.7,111.2,78.7,0,0,84.9
74.9,109.7,78.3,0,0,80.7
76.4,108.4,77.5,0,0,79.4
69,106.3,76.3,0,0,80.1
64.6,104.3,76.4,0,0,78.9
70.2,102.7,76.2,0,0,75.9
68.3,106.5,75.9,0,0,75.7
68.7,101.9,74.8,0,0,81.6
69.2,97.2,80.8,0,0,78.4
74.3,94.7,81.7,0,0,77.5
76.8,97.3,81.7,0,0,81.5
70.3,100.8,85.2,0,0,83.3
68.7,104.9,82.9,0,0,83.1
68.2,105,85.4,0,0,83.2
67.7,108,83.1,0,0,85.9
69.9,114.7,83.2,0,0,89.1
70.7,113.3,84.5,0,0,85.3
79.2,110.8,86.5,0,0,84.3
85.6,104.4,84.7,0,0,82.8
89.6,108.8,82.7,0,0,84.1
91.5,108.3,78.4,0,0,83.7
90.7,107.1,77.6,0,0,83.4
89.5,109,76.2,0,0,85.7
85.3,109.3,69.1,0,0,85.1
80.5,108.3,74.4,0,0,89.4
78.1,110.9,72.4,0,0,86.8
76.6,109.1,71.6,0,0,85.4
67.4,102.3,76.4,0,0,83.6
65.2,96.1,76.3,0,0,84.4
62.6,95.8,79.1,0,0,90.8
61.7,92.4,75.6,0,0,88.7
62.3,91,81.8,0,0,88
61.2,89.1,81,0,0,90.4
62.5,90,79,0,0,94.4
62.7,90.9,76.9,0,0,98.4
68,90.7,76.7,0,0,96.2
70.4,98.1,79.4,0,0,97.4
73,99.7,76,0,0,102.1
75.2,100.1,75.7,0,0,103.1
78,99,74.1,0,0,100.3
81.9,101.8,77.2,0,0,98.1
84,102.1,76,0,0,100
84.7,101.5,75,0,0,101.2
84.7,101.3,76.6,0,0,98.1
86.9,102.8,78,0,0,96.5
83.1,105.7,79.7,0,0,100.9
82,101.2,77.6,0,0,101.7
77.4,104.4,80.5,0,0,99.4
76,108.1,80.5,0,0,96.4
73.2,107.2,77.4,0,0,97.9
72,111.3,77.3,0,0,97.4
75.4,110.1,77.8,0,0,93.7
74.5,118.1,80.5,0,0,91.6
79.7,122.3,78.2,0,0,89.3
75,118.9,80.9,0,0,91.5
78.7,126.3,81.5,0,0,89.9
79,128.5,82.9,0,0,89.8
80.1,128.8,83.9,0,0,87.7
79.7,128.1,81.4,0,0,89.6
74.3,125.8,79.7,0,0,90.7
78.4,123.1,77.2,0,0,89
75.2,120.1,80,0,0,90.1
72.2,117.2,81.4,0,0,90.5
68.6,116.8,78,0,0,93.9
75.3,119.7,80.5,0,0,88.8
76.4,116.6,84.4,0,0,88.3
75.5,114.2,84.9,0,0,89.2
80.6,114.5,83.2,0,0,83.6
84.3,117.8,80.3,0,0,80.7
84.3,119,83.5,0,0,76.1
83,112.7,84.8,0,0,78.6
87.2,113.3,82.4,0,0,81.7
88,115.9,82.4,0,0,81.6
84.1,113.6,83,0,0,85.4
79.8,109.2,86.8,0,0,85.9
85,107.9,86.1,0,0,88.6
82.1,111.9,79.9,0,0,87.7
81,113.2,79.2,0,0,85.8
78.5,109.2,80.5,0,0,85.8
78.8,108.6,80.6,0,0,87.4
81.5,108.5,74.2,0,0,88.4
79.1,105.1,71.7,0,0,90
80.3,100.4,74.1,0,0,93
81.1,95.3,76.2,0,0,92.3
73.3,104.3,81.4,0,0,92
74.4,103,80.6,0,0,92.2
76.4,106.2,83.1,0,0,96.9
76,107.6,84.4,0,0,97.1
77.6,107.1,79.3,0,0,93
75,111.1,78.2,0,0,93.8
72.3,113.4,76,0,0,94.9
71.4,121.4,77.7,0,0,94.3
69.7,116.8,79.6,0,0,91.7
68.9,118.7,77.1,0,0,92.4
69.2,119.7,80,0,0,96
71.2,118.4,76.2,0,0,98.8
73.3,118.6,73.5,0,0,105.1
75.3,118.9,71.8,0,0,99.4
80.2,116,67.8,0,0,100.8
83.8,119.6,68.1,0,0,99.5
89.3,117.9,66.6,0,0,98.4
93.6,122.1,66.5,0,0,96.7
93.5,125.6,67.2,0,0,95
91.5,127.6,69,0,0,98.7
91.2,127.2,68.2,0,0,97.3
95.6,125.2,69.6,0,0,100.7
88.9,128.9,68.2,0,0,103.4
86.1,125.7,72.1,0,0,106.3
86.7,123.4,72.9,0,0,103.4
89.6,120.6,73.9,0,0,105.5
89.4,122.9,77.5,0,0,104.7
86.4,120.9,82,0,0,103.8
89.3,119.3,87,0,0,102.1
89.6,116.3,88.1,0,0,102.4
90,119.5,90.6,0,0,104.6
86.4,125.5,95.7,0,0,104.9
86.4,124.1,101.8,0,0,108
83.7,120.5,102.8,0,0,105.4
85.8,120.5,108.7,0,0,102.9
85.7,114,107.6,0,0,99
86.5,112.9,109.4,0,0,102.4
86.7,108.1,101.2,0,0,103.2
82.9,104.1,96.1,0,0,104
80.9,108.1,92.5,0,0,107
79,111.7,88.1,0,0,109.5
79.4,132.4,99,0,0,115.4
77,127.5,95.2,0,0,112.3
80.2,126.9,96.7,0,0,106.6
82.9,125.6,102,0,0,104.6
88.6,128.5,103.4,0,0,104.5
85.1,126.5,91.7,0,0,103.2
84.3,115.4,90.7,0,0,99.5
85.5,117.7,92.1,0,0,100.4
83.4,119.8,92.7,0,0,104.5
83.7,122.5,90.3,0,0,103.8
83.7,116.4,87.8,0,0,105.5
85.9,116.7,85.9,0,0,104.9
87.3,111.9,84.9,0,0,103.4
86.2,115.4,87.5,0,0,98.7
85.2,114.9,85.2,0,0,97.7
83.2,119.9,87.1,0,0,101.4
82,117.6,87.3,0,0,98.4
81.4,114.1,93.4,0,0,100.3
83.8,114.6,89.7,0,0,102.4
84.2,105.7,87.7,0,0,106.1
90.8,103.2,88,0,0,105.5
87.6,98.9,85,0,0,101.7
89.6,106.1,81.2,0,0,106
87,105,79.9,0,0,103.5
81.1,106.4,80.1,0,0,103.2
78.1,110.1,81.6,0,0,102.7
73.5,110.4,83.8,0,0,105.5
75.6,110.2,83,0,0,111.6
74.3,109.1,80.4,0,0,111.4
75.8,108.8,79.1,0,0,112.8
78,113,81.1,0,0,113.6
79.9,116.6,78.9,0,0,112.4
83.3,120.7,75.9,0,0,115.6
83.4,121.4,78.8,0,0,115.3
83.2,116,83.9,0,0,111.1
83.6,114.2,84.1,0,0,112.8
83.8,112.8,80.6,0,0,113.6
81.3,110.5,80.7,0,0,114.2
78.7,103.3,82.6,0,0,112.8
78.4,107.6,78.9,0,0,105
79.5,116.5,76.5,0,0,107.3
78.1,119.2,76.4,0,0,105.3
75.8,120.6,77.2,0,0,107.5
74,109.2,76.5,0,0,103.5
74.3,109.5,79.3,0,0,100.4
73.3,106.6,81,0,0,103.6
71,102.3,78.6,0,0,101
70.5,98.6,77.5,0,0,100.7
71,98,82.3,0,0,96.1
71.7,103.1,80.9,0,0,101.4
75.6,98.9,79.2,0,0,102.3
75.7,104.9,78.8,0,0,104.6
77,103,84.6,0,0,105.3
75.7,103.9,88.8,0,0,104.3
72.7,103,88.3,0,0,102.3
74.1,104.5,86.9,0,0,100.2
68.4,102.7,83.2,0,0,102.9
70.9,103.1,85.1,0,0,98.2
72.8,99.7,81.4,0,0,101.4
75.2,102.8,76.9,0,0,101.4
75.1,101.3,76.7,0,0,102.8
76.7,101.4,76.2,0,0,103.6
77.4,104.7,77.7,0,0,103.8
73.2,102.7,74.5,0,0,106.2
73.2,101,75,0,0,103.8
70.6,105.2,72.1,0,0,102.6
74.5,103.9,71.3,0,0,100
73.4,104.3,69.6,0,0,98.1
73.4,104.3,69.6,0,0,98.1
75.7,105.3,68.3,0,0,94
74.3,106.7,66.5,0,0,95.3
75.7,101.2,71.5,0,0,98.3
75.4,103.4,73.7,0,0,97.9
77.5,96,75.8,0,0,96.3
78.5,92.8,79.4,0,0,102.7
83,95.8,79.9,0,0,102.9
84.8,94.4,80.9,0,0,102.7
84.2,91.4,78.4,0,0,102.6
85.8,87.6,80,0,0,108.8
86.5,94.2,80.2,0,0,110.8
82.8,95.9,78.3,0,0,104.9
75.6,88.5,77.8,0,0,106.1
77.4,90.9,77.3,0,0,105.9
76.3,91,77.2,0,0,106.8
75.3,89.6,74.1,0,0,100.8
71.9,88.3,74,0,0,103.3
76.7,90.8,74.1,0,0,103.1
77.6,91,75,0,0,101.9
77.5,91,75,0,0,102.9
78.8,93,77.3,0,0,100.9
78.6,98,76.8,0,0,105
80.1,97.2,78.9,0,0,103.2
78.4,98.5,81.8,0,0,106.8
80.8,94.6,85.3,0,0,106.6
78,100.4,82.6,0,0,103.1
77.9,96,79.2,0,0,101.2
75.3,94.6,80,0,0,97.9
75.6,89.6,75.6,0,0,93.8
75.5,92.3,76.8,0,0,89.1
75.4,93.7,73.8,0,0,89.1
79.4,88.3,75.8,0,0,87
83.6,91.4,79.5,0,0,85.8
86.9,98.1,82.6,0,0,83.8
85.9,99.1,83.8,0,0,82.5
87.9,94.3,81,0,0,83.2
88.8,94.8,81.2,0,0,82.3
88.3,92.4,79.8,0,0,86.3
83.5,94.1,75.9,0,0,86.7
80.8,89.3,73.9,0,0,89.1
82.1,90,75.3,0,0,91.4
84.4,92.5,74.3,0,0,90
85.6,92.3,75.1,0,0,88.3
84.8,90.8,75.1,0,0,90
85.5,90.2,77.2,0,0,97
86.8,87.4,79.5,0,0,96.1
90.6,90.7,78.2,0,0,98.5
90.6,90.7,78.2,0,0,98.5
81.6,97.4,73.6,0,0,99.9
82.5,100,75.6,0,0,96
80.2,105,75.3,0,0,91.2
80.2,106.9,72.8,0,0,94.3
74.3,108.3,72.4,0,0,96.1
76.5,105.6,75.3,0,0,92.3
77.9,102.2,74.2,0,0,90.2
73.9,102.7,78.2,0,0,92.4
73.6,98.2,75,0,0,94.3
75.2,98.6,74.6,0,0,91.3
77.2,94.3,76,0,0,87.4
79.1,94.5,74.3,0,0,87.9
80.8,97.7,76.2,0,0,94.5
84.4,96.8,75.1,0,0,92.8
83.9,91,75.3,0,0,94.2
86.7,92.3,78.8,0,0,92.4
90.9,96.1,77.1,0,0,90.3
90.7,98.9,79.4,0,0,90.8
88.7,93.6,80.4,0,0,87.1
89.6,91.7,75.2,0,0,86.1
90,100.9,74.8,0,0,82.4
87.7,103.2,70.4,0,0,82
82.1,98,70.5,0,0,82.4
82,98.2,73.6,0,0,85.2
82,100.4,72.9,0,0,88.2
79.9,100.2,75.6,0,0,91.7
84,93.5,77.3,0,0,95.7
83.3,90.8,79,0,0,100.5
85.6,95,80.6,0,0,103.3
85.9,88.3,78.3,0,0,98.1
84.4,91.2,84.1,0,0,94.6
86.3,92,85.2,0,0,92.9
81.6,91.2,82.4,0,0,90.3
82.1,91.4,81.7,0,0,89.1
82.5,92,83.5,0,0,86.9
80.9,96.3,78.4,0,0,88.8
81.4,99.2,74,0,0,89.2
83.3,96.7,70.7,0,0,89.1
88.6,95.4,71.8,0,0,87.6
87,98.3,73.8,0,0,83
85.4,95.1,73.6,0,0,80.6
85.6,98.4,78.1,0,0,84.2
87.7,94.3,75.1,0,0,88.7
85.3,96.6,78.1,0,0,91.4
81.1,99.8,77.5,0,0,96.1
78.9,93.2,76.9,0,0,98.9
78.8,94.8,74.5,0,0,101.7
78.8,94.8,74.5,0,0,101.7
76.6,86.5,74.4,0,0,94.5
75.4,86,74.8,0,0,91.1
77.2,84.6,72.9,0,0,89.7
81.1,87.8,78.6,0,0,87.5
79.4,88.9,79.3,0,0,89.6
81.5,89.1,83,0,0,87.9
78.1,92.5,81.8,0,0,89
78.8,92.7,81,0,0,86.8
75.8,96.3,85.4,0,0,83.7
70.6,95.4,79.8,0,0,86.4
69.4,92.3,81.7,0,0,86
67.6,92.4,78.1,0,0,90
66.8,92.1,77.6,0,0,92.4
67.6,93.7,77.9,0,0,96
66.4,92.4,75.9,0,0,99
70.7,91.3,74.8,0,0,99.1
72.6,91.3,71.7,0,0,97.5
73.4,88.2,71.2,0,0,96.7
74.7,88.6,76.6,0,0,93.7
73.6,88.2,76.1,0,0,91.8
77.5,86.4,75.5,0,0,88.8
78.6,88.2,82.1,0,0,90.8
78.6,86.6,87.5,0,0,89.4
75.8,85.9,88.4,0,0,86
77.8,92.4,82.3,0,0,84.5
77,89.7,82.5,0,0,88
75.8,93.6,82.6,0,0,88.6
71.9,99.1,76.2,0,0,81.8
70.5,103.4,71.3,0,0,79.3
71.2,102.3,74,0,0,80.3
69.8,98.2,74.8,0,0,79.9
72.4,98.7,77.4,0,0,77.8
74.1,96.8,83.8,0,0,81.4
77.1,94.9,80.6,0,0,80.9
78.6,92,80.2,0,0,80.5
78.8,90.2,80.6,0,0,81
79.6,96,80.9,0,0,82
77.8,93.4,79.3,0,0,82.7
77.8,88.6,75.6,0,0,82.7
75.3,81.8,77.1,0,0,87.8
74.5,82.5,80,0,0,88.8
74.9,81.5,76.1,0,0,89.5
75.5,83.6,75.9,0,0,92.7
74.7,81.7,76.9,0,0,90.1
73.9,87.4,76.1,0,0,94.4
73.5,87.5,77.4,0,0,92.1
74.1,86,74.6,0,0,92.1
73,85.5,73.7,0,0,90.7
71.6,84.1,77.5,0,0,88.1
78.3,86.3,74.7,0,0,90.3
81.1,82.8,76.5,0,0,84.5
82.5,79.5,73.2,0,0,85.6
82.4,82.8,76.6,0,0,84.6
84.5,83.6,80.6,0,0,84
85.3,83.7,76.3,0,0,82.4
78.2,83.5,76.4,0,0,81.4
77.4,82.9,75.3,0,0,79.8
76.2,87.2,74.4,0,0,76.7
76.3,86.4,73.8,0,0,79.2
77,83.7,72.1,0,0,78.5
82.8,82.2,75.5,0,0,78
86.4,80.5,73,0,0,76.7
84.1,79.6,75.7,0,0,78.3
82,77.9,77.4,0,0,82.6
80.4,80.6,75.4,0,0,82
76.8,80.2,74.2,0,0,82
69.3,79.5,71.8,0,0,83.2
66.3,85.5,73.3,0,0,87.3
69.2,88.1,74.5,0,0,91.2
71.7,87.2,77.1,0,0,89.9
72.3,85.6,79.3,0,0,91.6
72.8,81.5,82.5,0,0,90.1
73.9,80.3,86,0,0,96.1
74.2,76,88.8,0,0,91.9
68.6,79.1,87.9,0,0,90.2
69.3,81.6,85.8,0,0,91.5
69.3,80.8,81.3,0,0,91.5
68.3,83.9,86.6,0,0,89
65.6,86,84,0,0,83.8
67,81.2,80.2,0,0,84.6
68.2,79.9,81,0,0,84.5
68.2,75.2,78.9,0,0,86.3
67.7,76.6,80.7,0,0,86.9
69.8,75.9,77.4,0,0,88.7
70.3,77.9,77,0,0,90.4
70.4,79.3,79,0,0,91.4
71.4,77.2,76.2,0,0,90.4
69.7,80.4,76.4,0,0,90.3
69,83.5,74.8,0,0,90.6
65.2,79.1,78,0,0,89.3
65.4,79.7,73.9,0,0,91.1
68.8,81.6,75.3,0,0,90.8
68.3,81.9,79.9,0,0,90.1
67.2,79.5,77.6,0,0,84.8
69.3,76,77.5,0,0,87.9
71.9,78.6,72.6,0,0,88
72.3,80.7,76.6,0,0,84.7
68.9,83.3,75.4,0,0,85.8
69.6,87,72.1,0,0,85.8
66.7,92.9,75.3,0,0,83.4
63.4,89.5,71.5,0,0,79.1
62.8,86.6,75.7,0,0,80.3
63.6,89,76.6,0,0,80.9
63.8,89,76.1,0,0,79.7
59.1,87.6,76.8,0,0,79.3
65.2,81.4,76.8,0,0,80.1
66.6,87.2,81.2,0,0,83.1
69,88.5,79.7,0,0,81.2
66.9,86.4,77.9,0,0,78.9
69.4,83.7,76.4,0,0,77.9
74.4,83,76.7,0,0,77.5
72.7,82.9,80.1,0,0,78
76.5,80.6,76.6,0,0,77.6
74,80,76.8,0,0,80.1
76,79.2,76.2,0,0,82.2
72,80,75.7,0,0,84.8
71.6,81.3,79.4,0,0,87.6
70.6,81.1,75.2,0,0,89.3
69.4,82.4,74,0,0,88.1
68.9,81.1,78.4,0,0,86.4
71.9,74.3,77.3,0,0,87.5
74.9,73.1,78.2,0,0,83.8
75.1,70.3,75.5,0,0,82.1
76.6,70.2,75.6,0,0,83.9
74.7,65.8,77.2,0,0,83.1
76.9,66.7,75.8,0,0,85.4
71.8,66.4,76,0,0,83.2
69.4,65.5,78.4,0,0,86.3
68.9,70.8,79.3,0,0,86.3
68.2,72.1,84.1,0,0,85.2
67,76,86.6,0,0,87.6
65.2,78.8,82.5,0,0,87.9
65.2,83.8,83.1,0,0,92.3
64.5,83.7,80.3,0,0,90.8
64.3,82.7,77.6,0,0,87.4
64.1,78.9,71.9,0,0,88.1
63.7,80.7,68.7,0,0,85.6
64.9,76,67,0,0,83.2
67.5,78.1,65.8,0,0,81.9
67.7,77.2,65,0,0,80.6
66.8,76.6,65.4,0,0,83
66.2,79.1,68.1,0,0,84.3
65.3,75.3,68.5,0,0,85.1
64.3,77.5,71.1,0,0,82.7
62.3,80.6,73.4,0,0,83.7
61.6,78.5,73.8,0,0,82.7
59.6,81.8,72.9,0,0,81.1
60.9,82.7,69,0,0,80.2
64,86.5,70,0,0,81.2
62.5,86.2,70.2,0,0,83.7
63.5,83.4,67.1,0,0,78.6
63.5,85.5,65.9,0,0,81.5
65.4,84.4,66.5,0,0,79.6
63,86,67.9,0,0,82.6
64.9,79.7,67.3,0,0,86.1
66.9,77.6,68.9,0,0,82.9
71.9,81.5,70.5,0,0,89.6
70.5,83.3,71.8,0,0,87.7
71.7,78.7,72.1,0,0,88.2
72.1,74.2,72.1,0,0,85.6
68.8,74.5,71.3,0,0,81.6
67.7,71,65,0,0,84.8
66.8,70,66,0,0,78.3
67.4,70.7,67,0,0,77.3
69.2,74.4,66.2,0,0,81.6
70.3,76.4,66.9,0,0,79.6
70.9,76.2,66.7,0,0,82
70.9,76.8,70.2,0,0,81.2
68.1,74.6,70.9,0,0,82.7
67.3,70.3,69.8,0,0,87.2
64.9,70.7,72,0,0,83.5
64.9,72.7,73.5,0,0,82
64.6,71.4,73.9,0,0,84.7
65.6,72.8,74,0,0,83.2
65.1,70.3,71.4,0,0,79.8
67,74.3,69.9,0,0,78.1
67.9,74.2,67.4,0,0,78.9
69.1,75,64.9,0,0,80.4
66.8,75.8,66.4,0,0,79.4
65.5,77.2,67.4,0,0,78.7
63.6,83.1,66.3,0,0,79.3
62.6,82.9,68.9,0,0,82.3
59.8,79.2,70,0,0,83.1
57.4,78.7,67.8,0,0,83
59.9,77.2,69.1,0,0,84.4
63.8,75.5,68.6,0,0,87.6
64.6,69.6,70.8,0,0,92.5
64.1,68.4,69.5,0,0,92.2
63.7,69.9,67.8,0,0,91.2
63.1,69.3,66.6,0,0,95.7
66.6,68.6,65.7,0,0,95.7
66.6,68.6,65.7,0,0,95.7
70.1,67.9,65.6,0,0,92.2
71.4,66.9,64.5,0,0,88.7
73.6,65.7,65,0,0,92.2
77.4,64.1,68.4,0,0,87.2
71.8,72.1,69.5,0,0,90.4
70.1,70.3,69.1,0,0,89.7
69.9,72.4,68.7,0,0,87.9
68.1,73.1,71,0,0,90.5
66.1,77.8,70.9,0,0,87.3
63.3,77.6,69.1,0,0,86
60.3,76.9,66.6,0,0,85.4
58.6,78.7,70,0,0,85.4
56.9,82.1,69.5,0,0,84.2
58.3,86.2,69.5,0,0,83.2
60.8,85.8,69.5,0,0,79.8
62.5,87,70.8,0,0,79
65.1,83,70.2,0,0,77.9
66.5,78.7,69.1,0,0,76.1
67.2,77.8,67.5,0,0,76.1
65.8,73.6,73.9,0,0,75.6
64,72.9,74,0,0,80.1
64.3,72.1,74.6,0,0,78.1
65.2,70.6,77.6,0,0,77.3
63.7,72.1,77.5,0,0,75.8
61.6,70,76.8,0,0,76.2
63.6,72.6,68.3,0,0,78.1
63,71.6,70.5,0,0,74.4
63.3,71.9,70.5,0,0,77.6
65,73.8,70.1,0,0,77.8
66,75,72.5,0,0,80
66,80.6,77,0,0,79.6
65.2,82.3,75.9,0,0,84.2
66.1,83.5,74.2,0,0,86.8
69.1,82.5,72.4,0,0,85.7
66.5,82.3,67.4,0,0,87.5
68.5,83.8,66.2,0,0,84
68.9,77.2,63.7,0,0,83.3
69.3,75.6,65.4,0,0,79.4
68.9,73.7,65.6,0,0,79.4
66.3,74.7,69,0,0,80.1
66,76.5,74.9,0,0,77.5
65.9,82.9,72.6,0,0,83.2
68.9,87.7,70.9,0,0,82.4
71.2,90,70.3,0,0,80.2
73.1,89.2,70.2,0,0,78.5
73.9,87.8,69.9,0,0,82.7
75.8,88.3,71.3,0,0,85.1
76,84.4,72.8,0,0,82.8
73.5,80.8,74.8,0,0,81.8
73.4,79.3,75.6,0,0,83.1
69.4,80.2,77.8,0,0,84.4
66.5,82.8,76,0,0,79.4
65.2,82,71.7,0,0,77.9
63.5,84.3,70.3,0,0,80
63.5,85.6,72.4,0,0,80
62.2,83.4,72.2,0,0,76
62.2,82.5,70.6,0,0,76
65.1,80.7,67.5,0,0,76.1
63.9,85.7,66.5,0,0,78
63.7,82.2,66.1,0,0,76.7
62.8,79.7,64.8,0,0,80.2
63.7,79,61.7,0,0,80.1
63,79.4,65.5,0,0,82.3
64.3,80.7,64.9,0,0,81.4
68.7,71.9,64.9,0,0,81.4
68.2,73.3,63.8,0,0,78.4
70.2,73.8,62.9,0,0,75.5
71,75.7,65.1,0,0,76.1
69.2,75.7,64.7,0,0,79.1
68.3,75.6,66.7,0,0,78.8
63.8,77.8,67.1,0,0,76.3
65.9,79.1,70.3,0,0,76.5
67,81.2,71.2,0,0,77.3
64.1,79.4,68.8,0,0,79.6
62.7,78.9,68.2,0,0,74.7
65,78.4,69.6,0,0,75.3
63.6,78,68.4,0,0,78.5
63.2,77.8,65.6,0,0,78.9
62.8,74.7,65.1,0,0,78.3
64.8,74.7,67.9,0,0,78.5
67.2,74.2,66.3,0,0,80.6
65.1,72.7,69,0,0,81.6
66.2,77.4,70.4,0,0,80.3
65.6,77.5,72.8,0,0,79.2
64.9,77.8,71.5,0,0,79.6
64.9,74.6,73.3,0,0,78.3
64.4,71.1,74.7,0,0,79
65.8,74.1,71.3,0,0,79.8
63.1,69.3,72.7,0,0,80.7
61.8,72.3,71.1,0,0,84
61.3,73.7,73.2,0,0,88.7
61.8,73.4,73.3,0,0,88
60.1,73.8,77.2,0,0,84.7
61.3,73.1,77.2,0,0,84.7
60.6,73.1,77,0,0,85.2
60.9,71.6,75.2,0,0,85.2
67.3,68.8,75.9,0,0,78.8
65.3,71.7,73.1,0,0,82.1
67.5,72.5,71.2,0,0,85.9
65.7,71.5,69,0,0,86.7
67.7,72.7,70.7,0,0,82.9
65.4,71,72.2,0,0,82.9
67,72.7,68.8,0,0,78.5
68.7,72.2,67.3,0,0,73.5
66.3,70.9,66.6,0,0,69.7
66.7,70.4,66.8,0,0,68.1
65.1,70.6,64.1,0,0,67
66.2,70.9,64.7,0,0,66.9
62.4,77.7,67.9,0,0,71.5
61.3,78.7,68,0,0,72.4
62.4,76.8,69,0,0,72.9
64.1,77,70.3,0,0,72.3
66,76.9,72.5,0,0,75.8
64.8,75.4,71.6,0,0,75.6
65.9,72.3,69.3,0,0,72
70.3,69.5,69.5,0,0,76.8
68.8,72.4,67.3,0,0,76.3
71.9,80.5,65.5,0,0,73.8
73.3,81.3,65.5,0,0,72.7
72.7,82.9,67.2,0,0,73
70.5,84.6,67.1,0,0,73.3
70.1,83.2,66.6,0,0,71
70.1,83.2,67.2,0,0,68.6
66.9,78.3,67,0,0,69.7
66,77.2,65.9,0,0,68.3
67.5,79.4,69.8,0,0,67.2
63.8,81.1,71.8,0,0,66.8
62.7,79.2,75.4,0,0,63
66.3,79.3,74.1,0,0,63
64.7,76,75.4,0,0,60.2
65.1,74.8,76.3,0,0,61.2
64.9,73.3,76.3,0,0,62
69.2,67.2,69.5,0,0,63.3
68.4,67.1,67.6,0,0,66.5
66.1,64.8,66.8,0,0,67.6
65.3,61.8,66.9,0,0,67.9
64.5,62.2,66.3,0,0,66.6
64.5,60.7,70.4,0,0,67.8
64.3,66.7,71.8,0,0,66.7
63.4,66.3,69.3,0,0,66.7
63.9,68.6,73.1,0,0,69.5
64.6,72,75.6,0,0,73.3
63.4,71.3,76.5,0,0,73.9
63.7,70.2,74.5,0,0,75.2
64,68.8,75.4,0,0,73.8
67.4,73.8,76.4,0,0,73.3
70.8,71.8,73.8,0,0,73
69,74.2,70.1,0,0,72.1
68.3,75.3,66.9,0,0,75.5
65.7,74.9,67.4,0,0,76.5
64.7,69.5,62.4,0,0,75.9
60.2,66.7,62,0,0,74.7
56.2,70.4,59.1,0,0,74.9
57.9,70.7,60.2,0,0,72.7
56.5,71.1,65.2,0,0,71.4
58.8,68.3,66.2,0,0,69.8
62.1,68.8,66.7,0,0,69.6
63.5,69.2,70.1,0,0,70.4
64.1,66.8,72.7,0,0,71.2
64.2,63.9,71,0,0,72
65.5,66.6,72.9,0,0,70.4
63.4,70.3,71.1,0,0,70
65.2,76.2,69.7,0,0,70.2
63.1,75.8,68.5,0,0,71.2
62.1,75,67,0,0,70.2
62.1,77.9,66.4,0,0,70
62.9,77.3,62.4,0,0,70.8
64.8,75.2,65.3,0,0,70.2
61.4,73.2,64,0,0,66.7
61.8,77.7,66.3,0,0,63.5
61.9,78,70.3,0,0,65.4
62,76.8,69,0,0,66.9
62.2,75.4,70.6,0,0,67.3
63.9,79.2,69.6,0,0,70.1
66.7,78.4,68.9,0,0,72.6
67.3,75.4,67.8,0,0,74.4
69.7,74.6,64.1,0,0,76.8
70.5,72.3,70.1,0,0,75.6
69.2,71.9,68.6,0,0,75
66.8,70.5,70.8,0,0,73.4
63.6,69.8,71.1,0,0,74.8
64.7,71,70.7,0,0,72.3
64.4,73.1,69.9,0,0,67.8
62.4,75.7,63.9,0,0,68.7
61.9,81,65.2,0,0,68.6
64.7,79.1,65.2,0,0,65.8
64.4,83.4,61.9,0,0,62.3
63.5,83,61.2,0,0,65.4
62.5,82.4,66.2,0,0,67.2
64.7,80.9,67.2,0,0,67.7
63.9,77.2,70.3,0,0,69.3
63.3,79.5,70.6,0,0,68.3
64.1,75.8,75.7,0,0,71.1
63.2,73,76.5,0,0,73.7
63.7,71.9,74.1,0,0,73.4
62.1,72.9,75.3,0,0,73.8
64.9,75.7,70.6,0,0,72.9
65,74.7,70.9,0,0,72.1
64.3,74.7,68.2,0,0,72.2
67.5,75.2,68.5,0,0,67.8
65.5,77.2,70,0,0,67.7
65.7,74.5,69.8,0,0,65.6
63.4,72.9,71.7,0,0,63.3
61.6,73.5,70.5,0,0,63.9
61.6,72.7,72.6,0,0,63.7
61.2,73.3,73.2,0,0,63.9
62.1,74.7,71.7,0,0,62.1
63,77.5,72.2,0,0,63.9
63.6,77.6,69.9,0,0,66.7
63.6,77,70.7,0,0,65
63,78,68.1,0,0,67.9
61.1,75.5,68.2,0,0,65.2
60.5,70.7,68,0,0,66.7
61,69,66.6,0,0,65.4
60.1,67.5,66.8,0,0,64.1
61.6,65.7,66.4,0,0,66.3
64.5,63.6,67.9,0,0,66.9
66.5,62.6,65.8,0,0,71.5
69.5,63.2,66.6,0,0,69.9
70,66.8,66.8,0,0,66.8
73.9,66.2,68.1,0,0,68.6
72.3,65.2,68.2,0,0,67.8
70.2,67.9,67.9,0,0,68.7
67.6,69.2,68.3,0,0,65.4
69.3,71.4,68.5,0,0,65.4
69.1,67.8,69.3,0,0,66.3
68.2,67.4,71.7,0,0,64.8
69.5,69.9,70.8,0,0,64.9
69.9,68.6,72.1,0,0,64.9
68.4,66.8,72.9,0,0,64.4
64.7,65.9,72.3,0,0,66
61.4,66.4,69.9,0,0,66.7
56.6,64,67.4,0,0,65.7
52.5,66.9,64.2,0,0,66
54.1,66.1,62.4,0,0,65.2
53.8,68.8,64,0,0,65.7
53.8,73.6,63.7,0,0,66.4
57.8,72.6,65.6,0,0,67.4
61.6,76.2,64.7,0,0,67.9
63.8,75.1,68.3,0,0,65.5
62.8,70.6,75.9,0,0,63.2
60.7,69.3,73.9,0,0,65.2
59.7,64.7,73.4,0,0,63.7
57.3,62.9,73.6,0,0,61.4
52.8,63,72.9,0,0,62.7
51.8,64,67.1,0,0,63.8
52.1,68.1,64.9,0,0,64.8
53.3,70.7,64.8,0,0,64.3
53.7,73.6,67.8,0,0,65.2
54.8,75,67,0,0,64.7
58,79,66.7,0,0,62.7
56.8,79.4,70.7,0,0,63.5
57.8,78.5,69.9,0,0,64.4
57.7,75.5,67.2,0,0,63.6
61.4,78.2,64.6,0,0,64.6
61.3,77,65.3,0,0,65.9
61.1,74.8,66,0,0,67.5
60.5,74.1,63.6,0,0,65.7
60.1,75.1,62,0,0,64.2
60.3,72.9,63.8,0,0,63.8
58.2,68.4,65.9,0,0,62.8
58.9,69,66.4,0,0,61.4
59.1,66.6,65,0,0,59.6
60.1,65.5,65.2,0,0,59.7
59.2,66.5,65.3,0,0,60.5
60,68.1,66.7,0,0,62.5
59.7,66.8,63.3,0,0,63.9
58.3,64.5,61.4,0,0,63.8
55.5,65.9,63.7,0,0,64.2
55.1,67.4,61.1,0,0,62.7
55.8,69.9,60.2,0,0,61.8
54.4,66,60.5,0,0,62.6
52,68.7,61.9,0,0,60.3
50.6,71.5,61.6,0,0,62
53.5,71,60.1,0,0,61.4
53.8,71.7,63.7,0,0,65
53.4,71.8,64.3,0,0,64.9
52.5,74.4,64.1,0,0,62.2
52.8,72.7,63.3,0,0,62.2
55.4,69.1,64.2,0,0,63.6
52.7,71.1,63.5,0,0,65.1
53.6,69.7,60.4,0,0,62.8
54.1,68.3,59.5,0,0,64
55.1,67.8,58.5,0,0,62.7
54.5,69.3,62.5,0,0,63.8
54.8,70,62.2,0,0,62.9
57.4,65.4,63.9,0,0,61.9
58.4,66.7,64.1,0,0,65.4
58.4,66.7,64.1,0,0,65.4
59.4,73.1,66,0,0,66.8
59.3,72.2,63.1,0,0,65.4
58.6,72.4,64.1,0,0,65.4
57.3,76.9,63.1,0,0,67
56.6,74.1,63.2,0,0,65.1
59.2,67.4,62.6,0,0,68.8
57.2,68.1,59.4,0,0,64.9
58.5,69,60.4,0,0,66.2
60.4,68.6,63.1,0,0,66.1
59.8,65,62.6,0,0,63.3
59.2,66.3,61.7,0,0,65.8
59.2,66.3,61.7,0,0,65.8
59.1,65.6,67.7,0,0,66.5
58.2,62.3,66.7,0,0,65.9
57.9,62.6,65.9,0,0,65.9
55.8,65.5,64.9,0,0,67.5
58.5,65.9,66.6,0,0,64.8
60.1,59.1,64.1,0,0,64.2
59.1,60.3,64.7,0,0,61.5
58.5,60.6,66.2,0,0,63
56.5,56.3,66.5,0,0,63.1
57.4,52.3,67.3,0,0,61.3
56.9,52.1,66,0,0,60.9
56.9,52.1,66,0,0,60.9
57.2,55.4,63.5,0,0,61.6
58.4,56,60.8,0,0,60.5
61.1,57.3,58.8,0,0,61.7
59.5,61.5,58.6,0,0,65.4
59.6,65.5,60.5,0,0,66
61.3,68.1,59.3,0,0,67
59.6,70.4,60.5,0,0,66.8
59,71.3,62.6,0,0,67.7
57.8,73.7,61.5,0,0,66.1
57.8,71.4,62.3,0,0,62.9
55.3,67.3,62.9,0,0,62.6
52.6,66.8,60.7,0,0,63.4
53.7,62.8,60,0,0,64.3
53,61.6,57.7,0,0,62.3
51.8,62.1,58.1,0,0,63.6
54.2,64.4,59.4,0,0,62.4
55.2,62.8,61.4,0,0,60.9
57,68.8,63,0,0,60.9
55.3,68.7,63.9,0,0,60.5
56.5,67.3,64,0,0,61.8
57.2,68.3,63.6,0,0,59.6
57.2,66.7,64.1,0,0,61.6
57.6,65.1,58.9,0,0,65.5
57.3,64.5,62.3,0,0,63
58.2,62.6,61.5,0,0,63.1
58.3,66.4,62,0,0,62.8
58.3,67.6,62.1,0,0,64.2
55.8,67.7,61.1,0,0,63.8
58.3,72.8,63.6,0,0,63.3
56.6,68.7,60,0,0,62.8
59,68.8,60.6,0,0,60.9
59.7,67.7,62.1,0,0,59.4
59.8,62.7,64.8,0,0,59
59.3,61.6,62.9,0,0,60.3
57.5,61.1,62.4,0,0,59.6
57.6,60.1,63.8,0,0,63.7
55.3,60.3,63.4,0,0,65.2
53.4,59,62.1,0,0,64
53.3,58.9,58.4,0,0,62
53.9,61.7,59.2,0,0,59.8
55,63.6,56.8,0,0,58.6
57.2,61.4,55.2,0,0,56.8
56.2,66.4,56.1,0,0,53.4
56.7,65.9,57.3,0,0,54.2
58.5,67.6,59,0,0,55.1
58.5,66.1,58.1,0,0,55
58.2,63.6,61.6,0,0,55.5
54.2,64.4,64.3,0,0,56.6
56.1,66.4,64.2,0,0,58.6
56.8,65.4,64.9,0,0,59.9
55.7,67,65.4,0,0,60.5
57.4,70.6,67.9,0,0,60.3
55.1,71.8,68.6,0,0,59.5
56.7,72.2,66.6,0,0,59.7
56.3,68.7,65.8,0,0,59
54.5,71.2,64.2,0,0,59.2
54.7,71.4,63.5,0,0,59
52.8,66.1,62.6,0,0,56
53.4,64.6,58.8,0,0,57.5
53.8,64.9,59.6,0,0,58
52.5,68.9,60.4,0,0,58.4
53.7,69.6,59.3,0,0,56.4
50.1,69.1,60.5,0,0,55.7
51.4,71.9,59.7,0,0,57.9
51.8,70.3,62.6,0,0,54.8
51.6,71.2,60.4,0,0,55.9
51.1,71.3,60.9,0,0,56.4
50.9,69,61.5,0,0,59.9
52.1,71,61.7,0,0,61.6
53.5,68.5,62.3,0,0,66.6
51.6,70.8,62.3,0,0,67.2
53.6,69.6,65.5,0,0,67.2
53.3,67.5,64.8,0,0,64.3
54.4,66.6,66.2,0,0,60.9
56.1,62.6,66,0,0,61.2
56.3,62.5,65.4,0,0,56.2
57.3,63.5,63.4,0,0,56.6
56.1,62.9,62.3,0,0,57
55.5,60.8,62.6,0,0,58.9
54.8,62.4,62.2,0,0,59.4
54.3,65.1,63.2,0,0,59.8
52.3,67.1,66,0,0,62.7
54,66.2,67,0,0,62.2
54.3,68.3,68.1,0,0,60
54.3,68.2,70.7,0,0,58.1
56.9,68,71.1,0,0,57.4
55.7,64.2,69,0,0,59.1
55.9,64.8,67.2,0,0,58.3
57.4,67.6,68,0,0,58.4
60.4,68.8,66.5,0,0,57.5
60.5,68.3,65.8,0,0,62.5
58.8,70.5,66.4,0,0,62.6
58.4,71.3,66.7,0,0,60.9
58.4,69.8,65.8,0,0,60.7
57.5,68.4,65.9,0,0,64.3
54.6,67.3,69.3,0,0,67.3
54,65.9,66.4,0,0,63.1
53.4,64.5,65.5,0,0,63.4
54.3,66.4,64.2,0,0,62.1
55.5,66.7,64.8,0,0,61.6
54.7,63.5,62.9,0,0,59.9
56.2,68.5,61.1,0,0,58.7
56.1,72,62.5,0,0,56.2
58.5,71.6,61.4,0,0,56.5
57.7,72.2,62.8,0,0,56.9
55.4,72.1,63.6,0,0,58.8
53.7,71,65,0,0,60.7
53.6,71,63.2,0,0,62.7
54.5,67.3,63.8,0,0,64.8
53.1,68,64.1,0,0,63.6
54.2,67.4,62.9,0,0,64.5
53.3,67.2,65,0,0,63.8
54.1,67.8,62.9,0,0,62
55.7,66.3,61.9,0,0,60
56.2,67,59.6,0,0,60.9
55.7,63.5,61.6,0,0,61.7
56.4,62,65.9,0,0,62
58,62.4,62.1,0,0,60.1
59.3,60.8,62.7,0,0,61.6
59.3,60.8,62.7,0,0,61.6
55.9,62,63.1,0,0,61.5
55.5,68.6,61.7,0,0,59.6
53.9,69.1,59.6,0,0,59.1
55.2,68.3,59.4,0,0,58.1
55,72.5,60.2,0,0,55.8
54.2,70.7,63.3,0,0,58.1
56,71.9,63.9,0,0,58.2
58.2,65.7,63.4,0,0,59.9
60.1,62.6,63.2,0,0,59.1
56.6,63.9,64,0,0,59
58.1,60.9,62.8,0,0,59.7
59.2,60.3,62.6,0,0,60.2
60.5,61.4,64.2,0,0,59.7
58.7,63.5,65,0,0,59.8
58.2,70.2,64.3,0,0,59.8
58.2,68.5,66.4,0,0,60.7
56.9,69.8,68.7,0,0,59.6
55.1,65.2,68.7,0,0,60
54.4,66,67.9,0,0,61.1
56.2,66.5,67.5,0,0,61.5
56.9,59.4,69.2,0,0,61.5
57.7,62.3,71.4,0,0,59.3
55.2,61.5,69.6,0,0,60.8
55.3,61.9,69.6,0,0,60.1
58.5,63.3,68.5,0,0,56.4
57.3,61,68.6,0,0,55.9
58.2,64.8,68.4,0,0,54.8
57.4,63.1,65.3,0,0,56.1
62.2,65.1,64.5,0,0,55.3
63.4,64.6,65,0,0,55.9
61.7,64.2,63.6,0,0,58.2
61.7,63.6,62.9,0,0,61.1
59.8,62.8,62.3,0,0,63.4
63.7,64.3,60.5,0,0,63.1
59,63,65.6,0,0,62.4
57,62.5,66.7,0,0,61.7
58.8,62.8,64.8,0,0,60.4
59.8,64.1,64.2,0,0,57.2
61.2,65.2,63.4,0,0,57.6
59.6,67.1,65.7,0,0,58.8
61.5,66.3,61.9,0,0,60.3
62.3,68,62.1,0,0,61.7
58,68.9,63.1,0,0,63.3
54.9,72.8,63.7,0,0,64.1
51.8,68.5,65.3,0,0,64.4
51.3,65,67.1,0,0,64.9
52,63.1,65.9,0,0,66
52.1,63.9,64.4,0,0,64.3
56.2,61.4,63.2,0,0,67.8
61,57.7,64.4,0,0,67.2
64,59.9,61.8,0,0,69.1
64,62.9,62.7,0,0,67.9
63.1,64.8,64.2,0,0,66.1
62.5,68.6,64.8,0,0,63.9
62.9,69.5,65.4,0,0,63.3
59,72.6,64,0,0,62.3
56.8,74.3,66.9,0,0,59.3
56.7,75.4,63.1,0,0,61.7
57.9,78.1,63.6,0,0,61.8
57.7,77.7,63.9,0,0,62.1
55.8,73.7,64.4,0,0,60.2
56,68.4,65.5,0,0,62.7
56.5,68.5,63.9,0,0,62
56.1,65.7,67.2,0,0,59.7
56.1,62.2,66.9,0,0,60.1
58.5,61.9,65.8,0,0,61.6
58.4,63.6,68.2,0,0,61.6
59.2,66.2,70.2,0,0,59.6
63.6,64.3,70.4,0,0,63.8
69.1,64.6,69.5,0,0,63.9
73,69.2,68.1,0,0,62.2
73.6,69.7,67.9,0,0,59.8
79.3,74,70.5,0,0,58.6
82.2,74.7,70.2,0,0,60.1
78.7,77.8,71.2,0,0,57.5
74.5,78.7,70.3,0,0,57.6
70.8,78.5,73.7,0,0,59.1
70.2,80.5,73.2,0,0,60.6
66.8,78.6,74,0,0,62.3
63,82.4,73.7,0,0,62.8
63.7,81,73.3,0,0,61
65.8,78,73.3,0,0,62
68.8,75.6,73.9,0,0,62.7
70.1,75,72.3,0,0,62
70.5,78.2,72.1,0,0,60.4
70,74.3,71.6,0,0,59.4
68.9,73.2,71.5,0,0,61
67.8,76,69.5,0,0,57.9
66.4,79.8,67.6,0,0,56.5
64,82,70.9,0,0,60.1
63.6,78.9,68,0,0,60.9
67.5,78.5,69.5,0,0,61.6
68.7,80.3,72.4,0,0,63.3
67.9,79.2,73.6,0,0,64.6
65.9,75.1,74.7,0,0,67
66.3,77.7,73.7,0,0,63.4
67.3,77,74.7,0,0,65.4
62.9,80.5,73.5,0,0,64.4
61.6,83.1,73,0,0,62.4
60,85.8,72.5,0,0,64.1
60.5,89,68.6,0,0,63.3
58.1,84.7,69.5,0,0,66.1
55.1,85.3,68,0,0,65.1
59.4,82.6,65.9,0,0,63.1
59.8,80.5,63,0,0,67
61.5,79,66.4,0,0,65.3
63.5,78.7,67,0,0,63.8
64.2,80.2,66.5,0,0,64.7
64.6,80.6,70.6,0,0,64.5
60.9,80.4,72.4,0,0,66.4
61.3,79.4,73.8,0,0,65
64.7,79.7,72.4,0,0,65.1
63,79.8,73.6,0,0,65.5
62.3,75.5,78,0,0,64.4
65,77.3,76.9,0,0,62.1
69.2,75.5,76.1,0,0,62.6
67.7,77.2,83.9,0,0,61.2
64.5,75.4,83.2,0,0,60.5
64.1,76.9,83.9,0,0,63.4
64.9,78.1,80.2,0,0,65.2
65.8,78.9,77.7,0,0,65.4
64.1,82.8,77.7,0,0,65.4
63.3,81.1,70.4,0,0,66.3
62.9,82.8,71.1,0,0,67
63.2,81.5,73.4,0,0,65.6
64.5,81.9,72.5,0,0,66.1
62.8,79.7,69.8,0,0,66.2
62.9,79.6,69.4,0,0,68.8
64.9,77.8,70,0,0,68.2
65.5,84.3,67.8,0,0,66.4
72.7,82.5,65.3,0,0,67.2
72.7,82.5,65.3,0,0,67.2
69.8,85.2,68.2,0,0,64.1
67.9,85.9,67.9,0,0,60.8
72,86.6,68.7,0,0,60.7
71.6,80.4,69.5,0,0,61.8
64.2,79.8,69.9,0,0,63.1
65.2,78.2,69,0,0,63.5
65.8,77.5,71,0,0,65.6
64.4,75.1,73.6,0,0,67.2
64.6,79.1,74.3,0,0,67.4
65,81,75.4,0,0,65.3
68.8,82.2,75.1,0,0,64.8
71.3,83.4,78.3,0,0,65.9
73.2,79.8,78.2,0,0,63.7
74.4,78.5,77.5,0,0,62.7
69.7,76.2,77,0,0,61.9
71.3,74.7,78.2,0,0,65.1
70.7,76.5,80.5,0,0,64.1
67.2,79.3,82,0,0,64.8
64.5,80,84,0,0,68.6
64.8,84.6,88,0,0,68.1
67.7,87,91.5,0,0,68.5
65.6,86.1,94.1,0,0,66.9
66.5,84.9,95.7,0,0,69.5
69.5,83,94.5,0,0,67.5
70.2,87.5,91.9,0,0,64
74,84.1,93.2,0,0,66.4
73.6,78.9,92.7,0,0,67.8
71.2,81.8,90,0,0,69.5
73.7,83.6,87.4,0,0,70.6
74,83.1,85.6,0,0,73.2
72.3,82.2,89.3,0,0,74.3
69.8,82.7,83,0,0,74
69.5,89.1,80.6,0,0,73.1
70.6,90.2,79.1,0,0,71.3
67.4,85.9,79.4,0,0,67.3
67.9,84.3,79.5,0,0,67.9
68,85.6,80.9,0,0,66.2
71.2,86.6,81.5,0,0,65
72.2,83.2,82.3,0,0,63.3
71.9,83.5,82.4,0,0,64.3
75.4,84.2,88.2,0,0,66.3
76.8,85.8,88.8,0,0,65.5
77.7,86.7,89.5,0,0,65.3
78.5,83.8,93.8,0,0,64.1
78.5,88.2,92,0,0,63.9
81.2,85.4,91.3,0,0,63.4
78.3,86.6,86.8,0,0,63.5
77.6,87.1,86,0,0,63.9
79.7,85.3,83.5,0,0,67.1
77.6,85.8,79.2,0,0,70.3
76.3,82.3,78.3,0,0,71.8
73.4,85.1,81.6,0,0,70.9
74.3,82.5,81.3,0,0,69.6
73.9,85.2,82.7,0,0,69.2
72.4,88.6,83.7,0,0,67.1
73.9,92.8,86.4,0,0,65.5
74.2,94.6,90.1,0,0,66.5
73.5,91.6,88.3,0,0,67.4
71.2,95.9,90.8,0,0,70.7
70.7,95.6,90,0,0,69
68.2,93,88.5,0,0,70.7
66.7,89.5,89.5,0,0,72
67,86.3,86.1,0,0,74
66.7,86.4,86,0,0,71.8
68.5,84.8,84.7,0,0,69.8
71,83.5,84.8,0,0,71.8
70.2,86.5,85,0,0,72.7
71,87.6,81.6,0,0,69.4
69.9,90.7,82.3,0,0,66.4
71.6,98,86.6,0,0,68.4
69.7,97.5,86.5,0,0,67.3
69.4,95.2,85.2,0,0,65.1
69,88.8,85.1,0,0,67.9
70.2,86.9,85.8,0,0,68.6
72.5,88.1,85.1,0,0,69.4
74.3,82.2,83,0,0,69.1
76.7,83.9,85.9,0,0,70.8
77.6,86.4,86.7,0,0,72.3
79.5,85.6,87.4,0,0,70
81.4,87.5,89.5,0,0,70.8
79.9,84.8,88.4,0,0,70.3
78.7,88.5,87.1,0,0,70.7
78.6,86.1,83.5,0,0,68.4
79.4,84.7,83.8,0,0,68.5
77.8,82.5,83.9,0,0,67.8
74.4,80.2,84.4,0,0,67.3
77.4,81.9,84.2,0,0,68.7
74.9,77.9,85.6,0,0,67.5
76.4,84,86.3,0,0,67.7
78.5,87.2,85.7,0,0,67.6
77.3,90.3,85.8,0,0,67.8
77.3,88.9,85.3,0,0,67.3
76.8,87.6,84.5,0,0,68.9
77.3,85.5,82.5,0,0,68.6
74.1,78.9,81.6,0,0,70.2
74.1,79.4,82.6,0,0,70.1
73.9,79.7,80.9,0,0,70.4
73.5,78.5,77.3,0,0,70.3
73.8,76.8,77.8,0,0,68.1
73.3,78.5,76.2,0,0,68.8
75.6,83.1,77.9,0,0,69.9
73.1,82.2,81.2,0,0,68.8
74.1,82.4,79.3,0,0,67.9
74.3,83.6,79.2,0,0,69.4
70.7,80.5,79.3,0,0,72.5
73.1,80.9,80.5,0,0,70.9
74.2,79.7,79.4,0,0,71.5
74.5,79.9,80.3,0,0,71.8
75.7,78.5,77.4,0,0,71.4
79,80.4,76.5,0,0,74.3
81.9,81.7,78.6,0,0,72.2
80,84.8,81.5,0,0,75.3
78.8,83,77.6,0,0,78.1
78.4,79.7,74.5,0,0,78.4
78.1,77.4,75.1,0,0,78.9
75.2,85.6,74.8,0,0,75.5
72,88,76.9,0,0,75.8
66.9,87.5,76.5,0,0,73.9
68.9,86.9,78.5,0,0,71.5
67.7,87.7,79,0,0,71.5
64.1,91.3,83.1,0,0,70.8
61.9,84.6,82.5,0,0,68.4
62.7,85.7,78.5,0,0,69.9
64.7,84.2,75.9,0,0,71.7
60.8,84.7,75,0,0,68.1
61.1,85.3,74.2,0,0,68
62.5,87.2,74.5,0,0,67.6
61.5,85.7,73.6,0,0,68.9
61.4,84.3,75.6,0,0,64.4
62.5,84.4,75.7,0,0,60.7
66.6,82.6,77.7,0,0,61.7
67.6,82.2,78.3,0,0,62.9
68.1,77,75.6,0,0,64.5
70.8,80,78.1,0,0,65.9
72.1,78.8,76.8,0,0,69.2
70,80.4,78,0,0,69.7
68,81.1,78.3,0,0,69.2
68,81.1,78.3,0,0,69.2
79.1,80.6,80.2,0,0,77.5
80.9,84.4,84.4,0,0,77.8
77.5,88.1,84.2,0,0,73.3
74.3,88.5,86.9,0,0,73
69.7,88,87.1,0,0,73.3
70.3,92.4,87.3,0,0,71.6
